Copyright,AI Generated,Authentic,Total
0.0,38.0,112.0,150
74.66666666666667,25.333333333333336,74.66666666666667,100
